{
  "accuracy": 0.5483870967741935,
  "precision": 0.8,
  "recall": 0.12903225806451613,
  "f1": 0.2222222222222222,
  "roc_auc": 0.5619146722164412,
  "average_precision": 0.6169578801161075
}