{
  "accuracy": 0.4032258064516129,
  "precision": 0.3333333333333333,
  "recall": 0.1935483870967742,
  "f1": 0.24489795918367346,
  "roc_auc": 0.4536940686784599,
  "average_precision": 0.45642195262448604
}