{
  "accuracy": 0.9354838709677419,
  "precision": 0.9655172413793104,
  "recall": 0.9032258064516129,
  "f1": 0.9333333333333333,
  "roc_auc": 0.9895941727367326,
  "average_precision": 0.988407247240987
}