{
  "accuracy": 0.967741935483871,
  "precision": 0.9393939393939394,
  "recall": 1.0,
  "f1": 0.96875,
  "roc_auc": 0.9927159209157128,
  "average_precision": 0.9924699503281439,
  "log_loss": 0.13060389980993045
}