{
  "accuracy": 0.4838709677419355,
  "precision": 0.4444444444444444,
  "recall": 0.12903225806451613,
  "f1": 0.2,
  "roc_auc": 0.4651404786680541,
  "average_precision": 0.4681267185094346
}