{
  "accuracy": 0.5483870967741935,
  "precision": 0.8,
  "recall": 0.12903225806451613,
  "f1": 0.2222222222222222,
  "roc_auc": 0.6253902185223724,
  "average_precision": 0.6298155338156322
}