{
  "accuracy": 0.967741935483871,
  "precision": 0.9393939393939394,
  "recall": 1.0,
  "f1": 0.96875,
  "roc_auc": 0.9947970863683664,
  "average_precision": 0.9948167671910899
}