{
  "accuracy": 0.9193548387096774,
  "precision": 0.9333333333333333,
  "recall": 0.9032258064516129,
  "f1": 0.9180327868852459,
  "roc_auc": 0.9823100936524454,
  "average_precision": 0.9836841385938848
}