{
  "accuracy": 0.967741935483871,
  "precision": 1.0,
  "recall": 0.9354838709677419,
  "f1": 0.9666666666666667,
  "roc_auc": 0.9979188345473465,
  "average_precision": 0.9980449657869013,
  "log_loss": 0.3950591710581318
}