{
  "accuracy": 0.967741935483871,
  "precision": 1.0,
  "recall": 0.9354838709677419,
  "f1": 0.9666666666666667
}